{"prefix":"minemoji",
"packVersion":1,
"url":"https://cinnamondev.github.io/minemoji/packs/minemoji-latest.zip",
"serveToClient":true,
"emojis":
[{"emojiText":"true","resource":"minemoji/true"},
{"emojiText":"false","resource":"minemoji/false"},
{"emojiText":"ishowspeed","resource":"minemoji/ishowspeed"},
{"emojiText":"keoiki","resource":"minemoji/keoiki"},
{"emojiText":"omgbruh","resource":"minemoji/omgbruh"},
{"emojiText":"boyfriend","resource":"minemoji/boyfriend"},
{"emojiText":"obese_cat","resource":"minemoji/obese_cat"},
{"emojiText":"coin_coffer","resource":"minemoji/coin_coffer"},
{"emojiText":"bf_shock","resource":"minemoji/bf_shock"},
{"emojiText":"jumbo_mario","resource":"minemoji/jumbo_mario"},
{"emojiText":"take_a_look","resource":"minemoji/take_a_look"}]}